variable,count,mean,std,min,25%,50%,75%,max,original
dummy1,1000.0,-5.2413703136664827e-05,0.01126120533479134,-0.0336832386287797,-0.0076115636869276,-0.00024493099497385003,0.007034941749185225,0.0301934665770318,-0.0037798448152219
dummy2,1000.0,-0.00022768626156892847,0.011306161185242053,-0.0404353113163322,-0.0075716838770708995,-0.00017777613237510002,0.007482290661203125,0.0412275572297886,0.0159901383874441
x1,1000.0,0.018007051689940483,2.919300622099301,-8.658112138804665,-1.9279443859464906,-0.0674199330933304,1.822472498483183,28.208179947326496,28.208179947326496
x2,1000.0,0.5510977082374513,7.558245364289095,-26.778778303562056,-4.408798598358232,0.3319341872457486,5.5306487533249165,75.05166578712455,75.05166578712455
x3,1000.0,0.06519654388868623,1.8662736604936203,-6.103483460105336,-1.152356336187423,0.03843671945980805,1.234611175301255,17.754403880967892,17.754403880967892
